Configuration,Dice,IoU,HD95,Status
Full TransUNet,0.7041818350253549,0.6135232697965669,11.312275376130083,REAL (Trained)
No Transformer,0.6548891065735801,0.5644414082128416,13.009116682549594,PLACEHOLDER (Need to train)
No Skip Connections,0.6196800148223124,0.5337652447230132,15.271571757775613,PLACEHOLDER (Need to train)
ResNet-18 Backbone,0.6689727432740872,0.5767118736087729,12.21725740622049,PLACEHOLDER (Need to train)
