{
  "Synapse": {
    "mean_dice": 0.6814795732498169,
    "std_dice": 0.4337445795536041,
    "mean_iou": 0.6578810214996338,
    "std_iou": 0.4311170279979706,
    "mean_hd95": 5.822496598779612,
    "std_hd95": 9.29747038745226
  }
}