{
  "baseline": {
    "method": "Baseline (No TTA)",
    "dice_mean": 63.14654189550051,
    "dice_std": 20.772912382187297,
    "dice_per_class": [
      98.96728897417903,
      70.69996002179494,
      80.20697192732848,
      74.15610649269503,
      47.818753703777226,
      61.24224358192565,
      84.26282260401376,
      61.1291043547128,
      84.8790135378519,
      69.97304691048596,
      46.289038948503816,
      49.93159729243942,
      31.994530849372765,
      22.501107337926324
    ],
    "iou_mean": 49.539328766704095,
    "iou_std": 22.717889144493196,
    "iou_per_class": [
      97.95568976555116,
      54.67899316482207,
      66.95462433646101,
      58.92705988820223,
      31.422238197929726,
      44.13608663245029,
      72.80532020900658,
      44.01865781211106,
      73.73026947242172,
      53.81426331071116,
      30.114338386704954,
      33.27255864096955,
      19.043743641873768,
      12.67675927464203
    ],
    "hd95_mean": 66.00553465092453,
    "hd95_std": 28.35669099098141,
    "hd95_per_class": [
      24.447119967328423,
      116.92766927013275,
      97.28263113655754,
      108.12955142254361,
      78.35224601760156,
      58.49680206510941,
      67.8903537896689,
      67.52264053940618,
      82.86185587296576,
      68.82770903379352,
      52.975398475829905,
      48.02446059870635,
      23.837574121556763,
      28.50147280174283
    ]
  },
  "TTA_BN_Only": {
    "method": "TTA_BN_Only",
    "lr": 0.0001,
    "adapt_steps": 10,
    "tta_method": "bn_only",
    "dice_mean": 51.5614712147398,
    "dice_std": 22.23485981774667,
    "dice_per_class": [
      98.06961115926761,
      50.77572368675227,
      66.52561795367822,
      60.85900318005366,
      35.09587249130175,
      51.38720620303751,
      71.61587421433012,
      52.11384224740458,
      75.81739289860941,
      58.86935406334629,
      26.52871922939392,
      39.040075204433265,
      22.015001013537372,
      13.147303461211232
    ],
    "iou_mean": 38.0299961128813,
    "iou_std": 22.453318869398906,
    "hd95_mean": 107.68664372570393,
    "hd95_std": 25.25138921188109
  },
  "TTA_Entropy_Only": {
    "method": "TTA_Entropy_Only",
    "lr": 0.0001,
    "adapt_steps": 10,
    "tta_method": "entropy_only",
    "dice_mean": 36.059852590634286,
    "dice_std": 29.53204350763063,
    "dice_per_class": [
      98.67019998905512,
      46.70472956921532,
      51.82543248707947,
      43.743721063452256,
      22.757706556087836,
      27.072257408336615,
      76.57002596661346,
      13.179415577939288,
      69.29057733411359,
      41.648751940758864,
      7.3052950755215615,
      4.2907590197408645,
      1.6595423686153896,
      0.11952191235035951
    ],
    "iou_mean": 26.756490848669188,
    "iou_std": 27.02433428556186,
    "hd95_mean": 343.0859683165435,
    "hd95_std": 319.1790802163034
  },
  "TTA_BN_Entropy_LR1e-4_S10": {
    "method": "TTA_BN_Entropy_LR1e-4_S10",
    "lr": 0.0001,
    "adapt_steps": 10,
    "tta_method": "bn_entropy",
    "dice_mean": 36.073734645499115,
    "dice_std": 29.308886113563812,
    "dice_per_class": [
      98.60248282734811,
      46.876151348484605,
      54.32547791303859,
      43.551414685990125,
      23.310181263756288,
      26.29696716361233,
      74.59654357479954,
      13.673453318801077,
      67.81113343576008,
      42.64473080735285,
      7.283337541731257,
      4.141558247982013,
      1.7592359889375238,
      0.15961691939313724
    ],
    "iou_mean": 26.671627764217583,
    "iou_std": 26.700722877580745,
    "hd95_mean": 318.64550882863824,
    "hd95_std": 351.59386940008187
  },
  "TTA_BN_Entropy_LR1e-3_S10": {
    "method": "TTA_BN_Entropy_LR1e-3_S10",
    "lr": 0.001,
    "adapt_steps": 10,
    "tta_method": "bn_entropy",
    "dice_mean": 10.22755066474358,
    "dice_std": 25.25115644878872,
    "dice_per_class": [
      97.97581511694477,
      2.4927839501881297,
      0.6780663731412517,
      2.076225298973993,
      0.0,
      0.38651736486080457,
      26.336155274440266,
      0.6087455980113226,
      8.188923169939432,
      4.440203812633586,
      0.0,
      0.0022733472765297043,
      0.0,
      0.0
    ],
    "iou_mean": 8.63486629759524,
    "iou_std": 24.545267511783937,
    "hd95_mean": 1000.684788752487,
    "hd95_std": 417.2117445883896
  },
  "TTA_BN_Entropy_LR1e-5_S10": {
    "method": "TTA_BN_Entropy_LR1e-5_S10",
    "lr": 1e-05,
    "adapt_steps": 10,
    "tta_method": "bn_entropy",
    "dice_mean": 54.17437031272625,
    "dice_std": 24.05045893951599,
    "dice_per_class": [
      98.53574197401682,
      58.7333329169808,
      74.15400467559307,
      69.57811756641132,
      41.22905767829035,
      53.955727947551004,
      75.77666487596082,
      50.60312340579527,
      78.83625590292638,
      63.37997251278617,
      30.705149343093304,
      33.78367769332093,
      18.558905281123458,
      10.611452604318002
    ],
    "iou_mean": 41.03559708976281,
    "iou_std": 24.015328509827956,
    "hd95_mean": 107.09092504333657,
    "hd95_std": 27.703732570534537
  },
  "TTA_BN_Entropy_LR1e-4_S5": {
    "method": "TTA_BN_Entropy_LR1e-4_S5",
    "lr": 0.0001,
    "adapt_steps": 5,
    "tta_method": "bn_entropy",
    "dice_mean": 51.311493758573455,
    "dice_std": 28.835243421860625,
    "dice_per_class": [
      98.86798098885696,
      74.30744201459021,
      77.17757177571544,
      70.61790829798925,
      41.6409969196187,
      45.855877048519616,
      79.30969585779907,
      35.06410677113512,
      78.17063235078662,
      61.95800705823271,
      23.192968012198662,
      16.515708633929112,
      11.134020618531194,
      4.547996272125726
    ],
    "iou_mean": 39.764456016610396,
    "iou_std": 27.534732554827226,
    "hd95_mean": 111.40135253556055,
    "hd95_std": 41.11633297272088
  },
  "TTA_BN_Entropy_LR1e-4_S20": {
    "method": "TTA_BN_Entropy_LR1e-4_S20",
    "lr": 0.0001,
    "adapt_steps": 20,
    "tta_method": "bn_entropy",
    "dice_mean": 21.813401309112376,
    "dice_std": 29.07895729755005,
    "dice_per_class": [
      98.50572803769211,
      12.955108112054385,
      15.484713171226183,
      17.29222590524328,
      2.2281952397638474,
      10.977917981066783,
      71.48440190189295,
      6.077750804191694,
      50.177377541270964,
      17.190696672766844,
      1.315673548500392,
      1.4941634241243476,
      0.20366598777952225,
      0.0
    ],
    "iou_mean": 16.567247715280747,
    "iou_std": 26.90587124584776,
    "hd95_mean": 711.1714441329885,
    "hd95_std": 366.5569588202343
  }
}