{
  "model": "best_model.pth",
  "mean_dice": 0.7041818350253549,
  "std_dice": 0.3039167312923635,
  "mean_iou": 0.6135232697965669,
  "std_iou": 0.3035398983525314,
  "mean_hd95": 11.312275376130083,
  "std_hd95": 17.99881497461344,
  "num_params": 98937454,
  "num_samples": 1454
}